Mes,Year,Palmillas,Magdaleno Aguilar,La Vega,Plan de Ayala,La Reforma,Jaumave DGE,Jaumave SMN,Francisco Zorilla,San vicente,La Encantada
Ene,1961,9,4.42,8,0,4.37,4,5.3,4.84,4.91,171.61
Feb,1961,11,12.63,2.5,14,12.66,13,12.7,11.33,11.23,129.17
Mar,1961,3,5.53,46,1.5,5.61,12.2,8.7,11.97,12.32,127.7
Abr,1961,12,10.53,7,7.5,10.53,12,33,13.91,14.06,107.94
May,1961,11,10.68,2.5,6.5,10.71,14.5,0.2,7.81,7.66,97.87
Jun,1961,149,128.03,296,127,127.62,107,107.2,146.19,147.58,560.22
Jul,1961,45,56.73,39,82,56.77,44,63.7,55.73,55.57,509.9
Sep,1961,54.5,59.63,62,38.5,59.9,86,83,64.89,65.05,373.01
Oct,1961,10.1,6.92,116.5,6.5,6.86,4,3.6,21.31,22.23,322.55
Nov,1961,2,3.97,14,2,4.03,8,8.9,6.41,6.52,219.03
Dic,1961,1,0.35,12,0,0.34,0,0.1,1.88,1.98,189.53
Ene,1962,0,0,0.5,0,0,0,0,0.06,0,166.92
Feb,1962,0,0.24,1.5,0,0.25,0,0,0.37,1,125.58
Mar,1962,0,0.52,1.5,0,0.55,0,0,0.61,2.2,124.13
Abr,1962,45.5,31.96,32,28,31.67,30.5,34.5,31.56,22.5,109.52
May,1962,27,19.01,83.5,12,18.9,20,18.9,26.37,16.4,105.61
Jul,1962,9,3.46,0,0.5,3.39,1,1.5,2.46,3,551.5
Ago,1962,27.5,29.69,164.6,11.2,30,35.5,34.8,47.19,45.5,251.53
Sep,1962,114,83.31,189.1,44,83.04,91.8,100.6,97.48,81.4,375.77
Oct,1962,12.5,15.9,204.5,10,16.15,11,13.6,38.55,31.2,364.14
Nov,1962,43.5,22.23,99.4,15,21.83,17,14.7,29.15,11.6,219.87
Dic,1962,10,10.76,11.5,14.5,10.71,11,9,10.55,7.4,192.39
Feb,1963,0,4.26,2.5,7,4.31,5.5,5.5,4.44,4.8,115.32
Mar,1963,8.5,13.9,8,26,13.86,11.5,11.3,12.88,9.7,113.57
Abr,1963,2.5,4.18,21,0,4.2,12.5,12.2,7.59,1.6,99.01
May,1963,63,59.33,71.2,49,59.13,84.6,41.7,58.05,39.2,109.24
Jun,1963,115,47.26,156.6,17.9,46.17,22.5,29.8,54.07,28.7,105.31
Jul,1963,29.5,20.07,49.6,3.7,20.05,24.5,26.2,24.29,22.1,135.78
Ago,1963,54.5,39.3,117.2,87,38.4,9,7.7,41.9,4.1,174.82
Sep,1963,106,112.74,284.5,182,112.09,80.3,81,127.51,81.6,486.93
Oct,1963,24,38.04,69.6,41,38.39,36.5,31.4,41.68,52.3,361.18
Nov,1963,20,9.84,0,4,9.67,9,8.3,7.9,5.5,223.97
Dic,1963,26,20.55,41.1,29,20.44,3,25.3,23.22,24.2,175.48
Ene,1964,13.5,17.59,14,23,17.6,18.5,18.2,17.39,15.5,150.91
Feb,1964,0,2.81,1,3,2.87,4,3.6,2.89,4.5,114.15
Mar,1964,11,7.03,76.7,5,6.95,7.5,8.5,15.39,4.2,98.33
Abr,1964,1,3.23,42.6,3,3.26,6,6.1,8.53,3,85.44
May,1964,83,86.98,331.7,112,86.77,77.5,74.7,114.21,75.1,293.02
Jun,1964,31,29.98,77.7,38,29.76,34.9,27.6,35.09,15.1,270.88
Jul,1964,24,18.2,47.2,20.07,18.46,19.17,1.4,19.19,11.7,262.47
Ago,1964,74.5,36.51,6.5,21,35.89,21.5,22.4,28.71,26.3,203.25
Sep,1964,125.5,84.58,242.5,72,84.19,37.5,40.8,94.69,102.2,218.86
Oct,1964,17.5,14.33,110,1.3,14.47,14.5,14.3,25.9,24.4,210.22
Nov,1964,0,2.2,4,1,2.26,4,4.4,2.91,4,171.46
Dic,1964,14,9.48,2.5,9,9.38,8,6.2,7.87,6.5,159.83
Ene,1965,0,1.06,0,0,1.12,0,0.2,0.9,4.5,127.61
Feb,1965,16.5,11.5,7,10.5,11.4,9,8.4,10.2,9.6,95.45
Mar,1965,16.5,7.23,21.5,9,7,2.5,2.1,7.54,0,98.1
Abr,1965,26,14.8,22,1,14.67,20,19.3,15.92,11.3,83.23
May,1965,55.5,25.27,18.3,2.1,24.86,23,24,22.81,18.3,111.19
Jun,1965,70.5,41.08,70,25,40.54,42,32.3,41.68,24.1,140
Jul,1965,35,36.85,7.5,16.9,37.18,42.5,43.2,34.84,54,195.39
Ago,1965,123,64.48,99,27.4,63.6,55.5,53.7,64.06,47.6,388.47
Sep,1965,57.5,40.64,185.5,34.5,40.35,29,29.3,57.67,58.91,271.96
Oct,1965,48,40.67,50,23.5,40.65,51,56,43.98,39.6,250.14
Nov,1965,25.5,12.09,39.5,8.5,11.79,11,10.4,14.34,2,185.58
Dic,1965,14,20.44,31,25,20.64,11,24.4,22.64,32.9,165.98
Ene,1966,63.5,47.42,49,33,47.2,50,50.3,47.32,41.9,131.24
Feb,1966,35,33.69,37.5,26,33.83,30,32.8,34.11,44.3,105
Mar,1966,51.5,46.28,65.5,54,46.03,44,42.1,47.45,34.7,112.5
Abr,1966,9.5,28.74,103.5,25,29.3,32.5,36.1,40.15,50.3,117.17
May,1966,69.5,33.9,122.5,23,33.32,13.9,54.4,45.59,26.8,164.83
Ago,1966,65,44.89,71,67,44.23,19.5,17.8,42.2,26,328.04
Sep,1966,56.5,37.91,89,38.5,37.42,35.5,34.9,42.37,19,280.84
Nov,1966,6,1.59,37,0,1.51,0,1.1,5.52,0,515.07
Dic,1966,0,0.38,0,0,0.38,1.5,1.3,0.5,0,343.93
Ene,1967,46,42.98,20,42.5,42.89,44,44.3,40.23,39,275.08
Feb,1967,0,18.01,5,20,18.37,27.5,28.1,19.07,26,199.51
Mar,1967,197,93.42,24,46,91.66,67.5,57.6,74.11,55,207.82
Abr,1967,32,11.89,3,0,11.57,9,11.6,9.75,5,160.76
May,1967,16,12.07,6,8,11.94,20,21.5,12.58,3.5,140.57
Jun,1967,59,21.23,49,7,20.58,8,9.7,20.73,8,159.74
Jul,1967,38,15.88,0,0,15.5,19.5,19,13.36,4,162.24
Dic,1967,0,3.23,4,12.5,3.2,0,0.1,2.86,0.5,471.58
Ene,1968,9,10.71,20,15,10.72,8,10.7,11.85,11,344.26
Feb,1968,17,21.29,42,34,21.26,14.2,19.1,23.45,20.2,257.36
Mar,1968,31,36.63,34,36.5,36.85,31.1,43.3,37.7,49,261.05
Abr,1968,48,61.96,52,46,62.6,63,67.7,62.89,93.4,226.22
May,1968,95.5,82.58,234,70,82.53,75,84.7,100.53,89.5,317.99
Jun,1968,97,60.18,115.5,90,58.99,30,35.3,60.08,19.5,266.7
Jul,1968,28.5,27.45,51,28,27.37,31.1,37.8,31.74,21.8,287.14
Ago,1968,76,77.65,44,79.3,77.67,77.5,75.2,73.31,77.9,270.18
Sep,1968,90,80.56,250,85,80.24,79.5,77.8,99.76,66.4,494.35
Oct,1968,88,40.84,222,10.5,40.25,24,29.1,58.48,38,508.73
Nov,1968,5,4.27,13,5,4.25,3.5,3.4,5.13,3.5,305.24
Dic,1968,13.5,11.44,13,9,11.47,7.5,13.4,11.85,15.9,251.46
Ene,1969,29,18.91,20,26,18.59,20.44,30.3,2.1,20.44,215.95
Feb,1969,1.5,1.47,1.73,3,1.45,1.62,2.3,0,1.63,161.23
Mar,1969,18,12.92,20.5,15,12.79,19,17.1,0.1,14.3,161.84
Abr,1969,12,10.97,80,20,10.84,20.14,10.3,1.4,20.76,149.55
May,1969,44,58.43,156,36,58.89,34.5,39.5,113.9,61.7,171.86
Jun,1969,38.5,55,101.5,37,55.26,99.5,111.4,50.2,50.5,154.64
Jul,1969,61,44.69,1,39,44.44,42.5,47.5,35.8,38.81,258.9
Ago,1969,99,116.38,327,110,116.85,148.13,125.1,139.8,150,443.98
Oct,1969,34.5,16.7,192,2,16.45,23.5,22.7,15.1,6.8,585.71
Nov,1969,7.5,16.62,38.5,25,16.73,15,16.3,16,20.4,307.78
Dic,1969,0,0.93,3,0,0.98,0,1.3,0,5,265.68
Ene,1970,0,3.98,0,10,4,0.5,6.1,5.2,4.4,208.38
Feb,1970,0,16.08,87,21,16.39,14,14.5,17.2,29.9,169.71
Mar,1970,0,1.27,0,0,1.3,0,0.5,5.2,1,167.57
Abr,1970,0,0,8,0,0,0,0,0,0,138.79
May,1970,0,46.29,83.5,86,46.71,48,48.5,53.6,46.2,157.44
Jun,1970,0,107.67,225.5,140,109.42,112.5,119.2,135,158.5,598.01
Nov,1970,0,2.27,0,0,2.33,3,3.7,4.8,3.6,394.9
Dic,1970,0,0,0,0,0,0,0,0,0,333.22
Ene,1971,0,3.71,8,10,3.71,4.25,3.8,3,2,272.19
Feb,1971,0,0,0,0,0,0,0,0,0,191.12
Mar,1971,0,8.36,0.5,22,8.35,7.36,7.9,8.9,2.7,181.94
Abr,1971,0,0,2,0,0,0.29,0.3,0,0,153.45
May,1971,0,19.18,100.5,19,19.66,33.27,41.1,24.8,34.6,149.68
Jun,1971,0,72.84,48.5,83,74.47,79.74,115.6,93.3,120.9,260.2
Jul,1971,0,15.07,91,41,15.09,24.6,17.4,8.4,12,439.25
Ago,1971,167,72.69,186,57.5,70.75,79.93,56.9,29.6,31.2,335.08
Nov,1971,0,4.73,42,0,4.91,10.27,9.4,8.8,10.5,465.78
Dic,1971,7,10.15,1,0,10.33,8.18,2.1,19.2,14.3,327.02
Ene,1972,0,7.52,11,12,7.59,5.5,6.5,15,5,255.99
Feb,1972,0,0.2,10,0,0.2,1,1.6,0,0,199.69
Mar,1972,0,52.45,135,134,52.57,60,62.7,31.1,40.9,219.07
Abr,1972,9,10.39,130,0,10.38,34.1,25,6.5,2,175.1
May,1972,0,64.24,144.5,105,64.92,76.5,79.6,77.1,65.7,186.72
Sep,1972,0,37.46,146,102,37.62,19.5,26.5,29.3,39.5,473.85
Oct,1972,0,14.51,56,13,14.8,15,19.5,21.8,23.7,358.38
Nov,1972,0,14.87,4,30,14.96,17,17.5,17,10.9,263.68
Dic,1972,0,0.26,1,0,0.27,0,1,1,0.3,249.24
Ene,1973,0,11.27,22,14,11.42,16.5,14.1,14,12.4,204.12
Feb,1973,0,20.27,37.5,25,20.63,19.5,25.11,26,32.4,157.67
Mar,1973,0,0.76,4,0,0.79,1.5,1.4,0,2.5,152.78
Abr,1973,46,51.84,100,49,51.87,60,53.1,62.2,41.1,143.65
May,1973,0,27.62,69,23,28.19,24,22.3,49.1,43.3,134.79
Jul,1973,0,59.27,132,51,60.37,76,71.2,87.8,84.7,476.65
Ago,1973,134.5,98.46,209.5,46.5,98.38,103,112.8,92.2,115.2,284.94
Sep,1973,0,44.28,187.5,69,44.87,33.5,35.8,66.5,54.4,258.63
Oct,1973,0,29.01,127.5,37,29.59,27.5,32.4,27,57,216.12
Nov,1973,0,0.69,8,0,0.73,0,4.9,0.2,3.5,159.27
Dic,1973,0,0,7,0,0,0,0,0,0,152.36
Ene,1974,0,5.84,2,10,5.88,4,2.2,13.4,1.5,132.89
Feb,1974,0,0,0,0,0,0,0,0,0,146.66
Mar,1974,0,25.46,84.5,23,25.89,33.5,33.1,40.5,31.2,206.15
Jul,1974,0,80.04,93,113,81.17,102.5,92.3,82.2,108.6,572.62
Ago,1974,0,2.78,5,0,2.8,14,11.1,0,0,390.32
Sep,1974,0,102.05,252.5,113,103.94,116.5,137.7,122.1,167.1,297.87
Oct,1974,0,6.62,26,10,6.74,9,8.5,1.2,14,272.98
Nov,1974,0,0.3,0,0,0.3,1.5,1,0,0,284.52
Dic,1974,21,15.43,4.5,11,15.4,11.5,13.1,15.2,18.3,501.25
Ene,1975,0,6.92,0,0,7.1,12,14.8,10.3,12.8,280.92
Feb,1975,0,4.28,9,0,4.41,6.5,6.5,5.1,10.3,206
May,1975,0,109.09,69.5,316,109.16,63,60.7,95.2,77.3,430.09
Jun,1975,0,44.34,75,59.5,44.8,84,67.4,40.8,39.7,403.07
Jul,1975,0,136.56,408,173.5,138.52,183.5,187.7,164.2,169.7,327.66
Ago,1975,46,61.97,109,69,62.33,38.5,30.1,79.2,78.2,233.72
Sep,1975,0,109.79,317,189,111.2,116.5,116.8,96,157.5,235.92
Oct,1975,0,53.07,65,64,53.79,90,79.5,52.8,62,235.76
Nov,1975,0,0.96,80,0,1,12.29,15.53,1,3,217.09
Dic,1975,0,4.03,2,5,4.09,3.6,4.2,6.6,5.1,231.19
Ene,1976,0,7.04,3.5,7,7.18,7.5,9.1,9,12.3,369.88
Feb,1976,0,0,3,0,0,0,0,0,0,266.64
Mar,1976,0,6.25,20.5,7,6.35,8.5,17,8,8.1,656.89
Abr,1976,42,83.68,116,78,84.47,82.5,108.7,118.4,98.8,306.1
May,1976,0,46.21,104,73,46.73,47.3,61.4,66.8,45.5,216.48
Jun,1976,0,42.25,137.5,59.5,42.75,64.2,56.7,45.1,44.8,193.83
Jul,1976,0,261.31,501,189,266.53,404,321.9,322.6,410.2,166.27
Ago,1976,68,32.86,80.5,13,32.49,26.6,31.8,20.1,35.4,157.3
Sep,1976,0,40.3,400,82,40.69,36.5,34.9,44.9,86.78,138.17
Oct,1976,0,14.38,34.5,20,14.65,3.3,27.6,25,24.5,137.48
Nov,1976,0,39.74,101,62,40.24,49,46.6,40,50.6,298.31
Dic,1976,0,10.63,19.5,5,10.86,19,18.2,12.4,17.6,388.38
Ene,1977,0,3.16,7.5,5,3.21,2,4.4,4.5,4.5,572.06
Feb,1977,0,0.04,10.5,0,0.04,0,0.2,0,0.2,257.91
Mar,1977,0,0.15,4,0,0.16,0,1,0,0.8,239.92
Abr,1977,41,54.5,187,72,54.68,31.5,44,66.5,62.2,155.35
May,1977,0,72.49,249,65,73.54,131.5,122.7,95.7,72.8,310.12
Jun,1977,0,47.62,99.5,76,48.15,67,67.7,44,54.4,189.09
Jul,1977,0,18.7,20.5,41,18.89,12,19.3,15.7,26.6,157.69
Ago,1977,42.5,47.22,136.5,88,47.02,26.9,32.3,34.4,45.4,156.45
Sep,1977,0,125.74,118.5,176,127.61,120.2,135,170.6,169.3,326.82
Oct,1977,0,37.43,58,42,38.06,40.3,42.9,55.2,51.6,652.97
Nov,1977,0,2.16,9,4,2.19,2,2.3,2,3,255.36
Dic,1977,0,18.32,19,21,18.68,15.5,17.4,24.7,31.9,200.19
Ene,1978,0,0,17,0,0,0,0,0,0,186.9
Feb,1978,0,12.3,14,12,12.56,15.6,19,11.7,23.6,136.29
Mar,1978,0,25.73,26,24,26.17,38.5,41.9,32.8,34.9,129.13
Abr,1978,55.5,66.56,70.62,63.5,66.79,67.3,82.8,75.7,71.2,109.95
May,1978,0,42.52,49.21,45.87,43.69,71.8,49,51,49.5,161.61
Jun,1978,0,21.21,24.1,22.41,21.83,24.5,21.2,24.8,37.5,240.33
Jul,1978,0,48.83,56.49,52.69,50.29,61.5,55.7,69.1,67.4,436.52
Ago,1978,59.5,57.32,54.47,55.28,56.93,39,47.9,82.3,46.4,261.53
Sep,1978,0,128.97,151.02,140.27,133.24,158.4,150.8,155.5,212.6,236
Oct,1978,0,30.09,36.11,33.56,31.19,36.2,39.8,41.1,45,220.92
Nov,1978,0,11.4,13.49,12.42,11.8,18.5,13.2,5.7,23,171.99
Dic,1978,0,7.19,8.82,8.17,7.47,10,10.3,8.3,11,160.71
Ene,1979,0,0.35,0.39,0.35,0.36,0,0.2,0,1.5,180.05
Feb,1979,1,2.66,3,2.86,2.72,3.7,3.3,3.4,2.6,194.25
Mar,1979,0,0,0,0,0,0,0,0,0,234.31
Abr,1979,83,92.72,89.91,154.5,92.45,76.6,70.3,59.3,92.9,244.15
May,1979,22,37.07,42.07,21,37.45,51.8,55.9,45.8,45.5,220.09
Jun,1979,94.2,74.32,70.38,117,73.62,67.8,63,33.2,59.9,309.66
Jul,1979,90.5,53.63,53.89,60,53.03,37,74.6,29.5,50.3,304.48
Ago,1979,102,104.25,102.15,185,103.65,83.1,90.7,62.2,91,217.32
Sep,1979,48,67.58,74.62,106,67.81,29,93.9,70.4,86.9,186.9
Oct,1979,0,11.13,9.93,41,10.99,9.04,0.3,4,0,112.74
Nov,1979,6,3.69,3.49,0,3.68,6.9,3.59,0,5.7,141.66
Dic,1979,118,141.74,145.62,133,142.41,150.6,145.88,129.4,182,445.48
Ene,1980,17,12.07,11.5,10,12.01,10.7,11.52,10,12.5,446.39
Feb,1980,22,13.49,12.44,8,13.38,14.3,12.55,10.7,12,363.33
Mar,1980,0,1.15,1.62,0,0,2.7,1.66,0,4.5,349.2
Abr,1980,4,7.36,7.22,13,10,9.3,7.11,2.9,5.4,249.99
May,1980,71.5,40.23,41.06,47,17.5,41.7,40.92,33.4,27.5,193.91
Jun,1980,0,5.8,4.18,0,17,3.4,4.26,6.2,9,183.76
Jul,1980,27,19.83,19.52,17.8,16,37.5,19.73,14.4,5.1,164.58
Ago,1980,93,87.58,89.48,31,82,83.7,90.65,86.4,152.6,129.95
Sep,1980,83.5,93.87,86.8,85,134.5,86.5,86.8,76,100.9,117.57
oct,1980,92,71.5,52.13,35,74.5,65.5,52.62,47.8,40.6,109.64
nov,1980,11,10.6,11.17,9,14.5,11.8,11.22,12,11.9,131.35
Dic,1980,25,23.1,20.74,25,17,17.5,20.61,18.3,20.1,284.83
Ene,1981,60.5,60.4,63.87,61,59,60.3,63.89,64.9,70.7,288.08
Feb,1981,7,26.6,15.94,34,18.5,10.5,15.5,15.2,8.9,195.26
Mar,1981,4,9.6,3.01,5,0,3.1,2.96,1.7,1.8,216.94
Abr,1981,92,56,26.28,25,14,21.7,26.22,11.4,14.7,168.55
May,1981,99,126,77.51,79,65,58.1,77.31,86.2,76.1,120.49
Jun,1981,263,127,160.08,104,213.5,191.7,161.53,139,154.1,115.85
Jul,1981,111.5,85,68.55,61.5,48,56.3,68.52,50.3,84.2,107.93
Ago,1981,85,82,88.09,52,36,95,88.94,92.7,113.1,107.13
Sep,1981,45,141,83.86,59,96,103.4,84.68,115.2,77.1,126.56
Oct,1981,15,13,13.26,19,8,7.8,13.08,10.4,15,615.37
Nov,1981,4,1,0.86,1,0,0.6,0.85,0,0.3,378.11
Ene,1982,0,0,0,0,0,0,0,0,0,743.43
Feb,1982,8,11,10.96,13,6,7.4,10.87,5.8,18.9,272.74
Mar,1982,10,19,30.37,41,20,18.7,30.03,31.5,40.2,227.78
Ago,1982,45,105,24.87,30,34,19.9,24.71,24.7,15.2,370.85
Sep,1982,64.5,127.2,55.21,46,118,59.7,55.43,47.2,63,312.85
Oct,1982,55,51.5,76.48,82,127,81.8,76.39,66.9,85.7,261.93
Nov,1982,30,23.5,8.11,8,8,5.7,8.08,3.8,4.2,185.54
Dic,1982,14,39.9,13.89,12,11,12.4,13.92,14.5,16.5,182.71
Ene,1983,20,36.5,14.3,12,15,12.4,14.33,14.7,15.2,172.01
Feb,1983,7,11,4.23,4,9,6,4.25,2.8,2.8,155.24
Mar,1983,0,1,0,0,0,0,0,0,0,318.95
May,1983,103,157.8,98.34,153,94,74.4,96.88,76.1,88.4,282.15
Jun,1983,136,70,40.8,20,42,40.5,41.16,10.8,44.3,712.67
Jul,1983,134,213.6,132.68,172,248,133.4,131.81,117.6,108.2,242.32
Ago,1983,36,61,43.56,65,81,24.5,42.89,38,50.5,184.45
Sep,1983,56,100.3,55.37,92,154.5,51.8,54.51,38,40.2,171.92
Oct,1983,22,12.5,6.16,9,2,4.4,6.07,1.4,2.1,163.89
Nov,1983,17,12.2,6.37,6.5,5,5.8,6.36,4.5,3.5,207.79
Dic,1983,0,0,0,0,0,0,0,0,0,234.31
Feb,1984,10,6,4.96,4.97,2,4.1,4.95,4.5,3.8,780.06
Mar,1984,3,1,0.45,0.6,0,0.1,0.47,0,0,768.25
May,1984,76,2.5,99.55,91.1,154,107.5,98.23,101.4,101.4,614.17
Jun,1984,116,302,56.09,97.7,69,44.8,62.85,40.9,52.9,502.84
Jul,1984,104,188.1,116.67,128.03,124,106.7,118.52,140.6,109.2,391.46
Ago,1984,30.5,159.6,26.52,47.52,32,17.4,29.93,30.7,29.4,266.13
Sep,1984,89,102.5,77.89,84.01,94,72.4,78.78,55.2,99.9,245.26
Oct,1984,6,7.3,3.78,4.57,5,2,3.89,3,5.2,205.12
Nov,1984,12,13.5,2.21,4.08,0,0.5,2.5,0,1.3,474.91
Feb,1985,0.89,4,0.19,0,0,0.4,0.19,0,0,498.82
Mar,1985,19.5,1.3,3.74,0,0,0,3.77,0,7,402.35
Abr,1985,168,113.1,98.33,87,79,110.3,98.63,76.6,85.1,313.24
May,1985,114,107,48.98,48,29,53,49,34.7,28.5,224.21
Jun,1985,77,85.5,40.87,24,37,66.3,41.41,14.8,40.3,218.16
Jul,1985,101,130.7,89.38,76.5,31,86.3,89.56,71.2,116.8,218.66
Ago,1985,58,71.6,63.2,69,90,66.6,63.09,55,64.8,208.06
Sep,1985,72.78,95,53.09,30,128,37.3,53.46,66.9,67.7,296.52
Oct,1985,40,13.6,25.98,17,70,31.1,26.23,27.1,21.8,293.99
Nov,1985,10,1.2,6.02,10,13,6.2,5.94,4.6,1.5,285.35
Ene,1986,0,1.2,0,0,0,0,0,0,0,280.68
Feb,1986,9,6.2,5.58,10,7,3.7,5.46,3.2,3.8,212.86
Mar,1986,7,10.2,1.5,0,0,1.6,1.54,2.57,0.2,171.97
Abr,1986,69,80,49.26,47.9,37,67.9,49.42,27.6,44,144.58
May,1986,105,66.5,92.34,160.2,75,84.2,90.73,58.8,61.5,197.81
Ago,1986,31,31.5,13.61,11,16,7,13.57,5.2,22.3,500.82
Sep,1986,115,56.2,74.42,15,84,89.2,75.82,74,98,653.34
Oct,1986,68,47.6,88.5,118,99,62.3,87.65,104.8,79.6,440.73
Nov,1986,57,99.2,50.72,56,57,47.3,50.55,41.8,54.6,276.92
Dic,1986,27,32.7,18.27,0,26,27.3,18.77,25,16.3,245.87
Ene,1987,16,9.8,11.1,11,16,11.4,11.1,9.3,10.3,215.9
Feb,1987,22,2.5,7.9,2,2,11.4,8.06,5.1,6.1,167.23
Mar,1987,12,15.5,14.9,13,20,15.6,14.95,17.3,15.1,164.87
May,1987,81,51,77.65,113,77,56.9,76.69,76.2,63.6,523.14
Jun,1987,70,12.8,54.03,36,96,61.3,54.45,43,67.3,434.43
Jul,1987,94,39.1,75.65,93,108,60.3,75.1,67.2,73.2,435.83
Ago,1987,44.5,96.9,49.63,84,0,72.4,49.03,13.8,31.8,240.96
Sep,1987,65,4.6,29.62,26,45,25.7,29.61,13.7,35.3,209.01
Oct,1987,4.5,5.5,10.99,14.5,0,16.6,10.96,7.4,8.8,207.13
Nov,1987,11,0,9.6,3,0,10.4,9.76,13.2,11,237.84
Dic,1987,0,0,1,1,0,2,1.01,0,1.5,174.31
Ene,1988,22,15.7,18.27,24,25,13.8,18.08,12.9,20.5,129.31
Feb,1988,0,0,0.09,0,0,0,0.09,0,0.4,174.32
Mar,1988,12,0,2.48,0,0,3.2,2.54,0,2,289.99
Abr,1988,88,40.2,48.33,36,33,55.3,48.66,44.2,38.3,680.48
May,1988,37,49.9,51.81,50,59,53,51.85,49.4,61.9,383.08
Jul,1988,99,90.3,45.8,51,53,33.4,45.54,36.5,36.2,163.61
Ago,1988,139,171,125.45,97,165,158.3,126.33,107.3,132,128.8
Sep,1988,31,38.2,53.22,51,109,59.9,53.32,49.4,63.3,134.97
Oct,1988,44,38.05,37.95,44,36,49.8,37.88,18.1,37,133.61
Nov,1988,0,0,0,0,0,0,0,0,0,156.74
Dic,1988,0,0,0.09,0,30,0.4,0.09,0,0,511.72
Ene,1989,23,10.2,25.05,23.47,32,19.9,24.68,31.2,23.82,367.47
Feb,1989,6,0,5.64,8.5,30,5.3,6.23,5.8,8.17,200.67
Mar,1989,0,0,0,0,0,0,0,0,0,420.22
Abr,1989,54,69.8,29.88,37.62,18,37.11,33.22,17.9,36.15,441.62
May,1989,29,19.5,12.36,13.73,6,13.56,12.91,4.1,13.26,299.44
Jun,1989,76,105.4,63.71,72.43,59,71.97,67.53,57.6,71.06,242.74
Jul,1989,33,53.5,34.51,55,92,34.6,34.06,28.1,21.7,210.5
Ago,1989,135,117.7,84.52,83,106,85.4,84.51,68,76.8,148.81
Sep,1989,10,52.5,42.36,39,6,38.3,42.43,55.7,52.2,141.61
Oct,1989,5,20,13.62,14,4,16.2,13.65,15.6,13,317.99
Ene,1990,0,3,1.98,8,9.5,0.3,1.83,0,0.7,446.49
Feb,1990,3,4.5,1.44,2,0,1.3,1.43,0,1.7,300.57
Mar,1990,0,0,2.1,9.3,30,0.3,1.93,0,0,254.41
Abr,1990,27,47,28.17,43,27,25.5,27.78,12.8,32,232.42
May,1990,29,25.5,22.05,13,0,27.6,22.3,23,21.1,184.67
Jun,1990,15,19.8,17,16,0,11,16.95,15,26.7,175.4
Jul,1990,95,96.7,158.56,463,0,73.4,150.96,60.9,74.1,172.83
Ago,1990,77,92.5,69.13,64.4,47,84.7,69.33,48.1,75.2,153.89
Sep,1990,180,200.4,154.6,165,334,140.4,154.14,122.2,177.6,125.83
Oct,1990,56,44.5,48.96,26,40,61,49.51,31.5,72.9,149.53
Nov,1990,2,0,4.55,0,0,7.4,4.68,6,6,380.14
Dic,1990,0,0,0,0,0,0,0,0,0,372.18
Ene,1991,0,0,1.13,0,0,5.1,1.19,0,0,203.04
Feb,1991,22,23.7,14.74,20,47,20.53,15.79,18,3,159.76
Mar,1991,0,0,0,0,0,0,0,0,0,152.86
Abr,1991,9.5,4.7,6.29,5,18,7.73,6.6,4.2,8,132.43
May,1991,124,90.3,70.86,103,38,50.8,69.9,44,59.9,141.49
Jun,1991,100,100,100.47,161,96,94.3,98.97,48.5,99,168.34
Ago,1991,77,63,40.62,39,46,43.5,40.66,32.5,29.7,358.72
Oct,1991,43,73.6,38.11,33,5.9,45.3,38.29,37.5,34.3,741.12
Nov,1991,7,17.9,8.13,4,1,9.5,8.2,0,19.2,382.91
Dic,1991,19,10.5,15.04,7,0.7,21.5,15.25,7,22.4,313.66
Ene,1992,112,113.9,94.93,101,46.6,100.5,94.77,68,101.6,410.13
Feb,1992,10,11.5,8.33,7,0.8,9,8.35,6,10.4,316.69
Mar,1992,30,41.5,19.29,31,3.1,13.9,18.97,12,15.2,255.91
Abr,1992,44,110.9,60.48,56,18.3,59.5,60.54,54.5,79.5,227.92
May,1992,219,160.7,172.55,204,103,176,171.82,137,151.1,382.01
Jun,1992,15,17.5,17.85,18,0,20.9,17.88,19.5,14.5,359.62
Jul,1992,45,59.5,58.47,17,38,81.5,59.56,53,87.8,380.09
Ago,1992,43,57.9,53.24,114,78,49.5,51.85,30,26,358.72
Sep,1992,37,44.7,25.01,27,23,27,24.99,25.4,15,403.07
Oct,1992,56,61.8,30.93,36,59,39.5,30.9,29,7.5,552.72
Nov,1992,20,67.8,39.38,42,34,45.6,39.38,37,42.5,397.2
Dic,1992,3,11.2,3.91,0,0,5.5,4.01,5,5.5,299.48
Ene,1993,1,3,0.82,1,0,1,0.82,0.6,0.6,246.38
Feb,1993,1,3,1,1,0,2,1.01,0,1,191.43
Mar,1993,12,14.9,8.78,5,4,11,8.89,9,8.5,178.33
Abr,1993,7,29.5,32.01,26,46,39,32.25,47,28.5,146.2
May,1993,65,88.7,80.25,97,98.5,63.5,79.7,73,94.8,185.23
Jul,1993,38.5,21,45.02,32,22.5,34,45.29,80.5,36.9,364.51
Ago,1993,31,43.7,11.96,0,0,13,12.19,0,24.9,253.93
Sep,1993,305,240,177.52,148,154,282.5,179,102.9,115,232.1
Oct,1993,17,8.5,9.33,2,0,14.5,9.54,9,8,203.64
Nov,1993,7,12,4.67,3,0,6,4.72,3,5.5,158.57
Dic,1993,9,12,7.62,6,8,7,7.62,0,16.5,153.66
Ene,1994,29,103.5,66.13,42,35,63,66.59,63,113.3,145.15
Feb,1994,0,0,0.11,0,0,0.5,0.12,0,0,133.71
Mar,1994,35,14,38.84,20,25,43,39.32,53,41,155.04
Abr,1994,93,69.6,55.25,39.5,26,53,55.58,62,47.8,373.07
Jun,1994,182,72.7,78.11,99,59.5,82,77.59,35,46,565.23
Jul,1994,35,38.3,11.42,0,0,27.5,11.79,0,6.5,340.09
Ago,1994,23,203.7,59.85,46,59,79.5,60.26,34,97,259.01
Sep,1994,110,85.8,68.84,93,61,46.5,68,34,81.3,238.15
Oct,1994,40,80.5,45.38,43,27,51.5,45.47,38,51.5,467.92
Nov,1994,0,4,4.54,6,3,5,4.5,0,9.3,391.76
Dic,1994,12,2,6.86,12,0,6.5,6.73,2,4.5,399.61
Ene,1995,11,28,16.71,14,18.5,20.5,16.79,13,22,354.05
Feb,1995,4,5.5,1.61,0,0,2.5,1.65,0,2.7,286.43
Mar,1995,0,0,5.48,25,5,0,4.99,0,0,439.95
May,1995,18,64.5,6.09,0,28.5,9.5,6.26,7,2,386.45
Jun,1995,63,60.6,67.24,133,38,74.5,65.79,22,43,319.96
Jul,1995,64,37,53.6,48.3,53,48,53.63,47,65.5,278.87
Ago,1995,220,213.1,215.7,306,205.8,179.2,213.43,217,161,233.99
Sep,1995,8,20.4,13.8,14.5,10,14.5,13.77,5,23.8,215.8
Oct,1995,3,3,0.88,0,2.5,2.5,0.92,0,0,178.42
Nov,1995,28,10,30.66,88,36.2,20.3,29.27,4,12.8,167.92
Dic,1995,31,48,34.61,43,32.9,30.5,34.38,32,34.8,142.38
Ene,1996,0,0,0.45,0,0,1.5,0.47,0,0.5,536.79
Feb,1996,2,5.6,1.91,0,6.4,3.5,1.96,0,4,325.6
Mar,1996,9,0,2.22,0,0,3.5,2.27,0,2,225.94
Abr,1996,13,5.5,2.44,0,0,1,2.47,2,1.5,198.36
May,1996,80,79,31.74,16.5,43.5,39,32.11,22,25.5,164.2
Jun,1996,104,81.5,51.54,97.9,30.7,37.5,50.36,30,16.2,163.9
Jul,1996,19,4,17.56,31,148.5,25,17.3,0,13.8,149.53
Ago,1996,193,280.8,219.28,226.8,214,261,219.2,106,294.3,211.11
Sep,1996,135,122.9,47.4,93.4,66.6,26,46.11,9,19,509.66
Oct,1996,14,16.5,11.63,21.1,32,10.5,11.39,0,13.8,237.25
Nov,1996,4,14.5,5.51,0,26,8.5,5.64,0,14,665.47
Dic,1996,0,0,0,0,3,0,0,0,0,376.72
Mar,1997,63,115.3,97.43,134.6,60,81.5,96.4,72,118.5,384.42
Abr,1997,102,150.5,134.04,161.2,130,131,133.45,138,122.5,179.25
May,1997,153,132.7,100.15,78.9,81,90.5,100.53,107,97.8,158.37
Jun,1997,88,74,60.08,62.9,76,45.5,59.9,70,48.4,165.56
Jul,1997,6,25.7,8.82,22.5,0,7,8.5,5,2.5,379.26
Ago,1997,35,102.2,11.38,4.7,0,12,11.51,5,12,232.75
Sep,1997,103,82,57.61,100.7,0,30,56.38,44.2,34.1,595.46
Oct,1997,202,107,109.67,174,0,86.5,107.96,70,64.3,444.06
Nov,1997,9,6.5,8.08,6.4,0,9.5,8.13,10,6,564.14
Dic,1997,0,0,1.94,0,9,0,1.95,0,8.5,296.61
Ene,1998,0,0,0,0,0,0,0,0,0,240.9
Feb,1998,0,0,0.9,0,0,2,0.93,0,2,181.35
Mar,1998,0,0,0.34,0,0,0,0.34,0,1.5,170.69
Abr,1998,3,0,3.35,9.8,0,0.5,3.13,0,2.42,158.91
May,1998,2,0,0.29,0,0,0,0.29,0,0.27,145.17
Jun,1998,48,1.3,16.53,0,0,32,17.11,1.8,14.01,239.77
Jul,1998,41,14.4,16.64,6.5,0,19,16.92,12.2,15.29,459.27
Ago,1998,22.9,33.7,27.08,11.7,0,60,27.84,11.5,25.1,227.07
Sep,1998,29.2,52.6,85.14,57.1,0,168.5,86.82,57.4,71.25,198.83
Oct,1998,11.4,27.7,22.64,16.8,0,59,23.08,4.3,16.2,184.11
Nov,1998,0,2,1.55,0,0,7,1.63,0,0,158.21
Dic,1998,0,0,0.26,1.2,0,0,0.24,0,0,160.32
Ene,1999,0,0,0,0,0,0,0,0,0,132.13
Feb,1999,0,0,0,0,0,0,0,0,0,132.04
Mar,1999,0,0,0.95,1.2,0,0,0.93,0,3,112.14
May,1999,3.42,5.6,3.63,10.3,0,0,3.44,1.8,2.6,443.63
Jun,1999,79,4.3,20.65,7.2,0,0,20.7,13.8,32.1,638.87
Jul,1999,196,16.2,44.11,39.3,0,0,43.71,21.6,40.1,592.42
Ago,1999,64,7.9,10.98,1,0,0,11.07,7,9.5,370.05
Sep,1999,77,26,24.41,29.3,0,0,24.05,19.8,22.5,240.81
Nov,1999,0,0,0.23,0,0,0,0.23,0,1,288.32
Ene,2000,2.3,10.5,6.61,11.4,0,4,6.4,6.04,6.01,724.49
Feb,2000,0,0,0,0,0,0,0,0,0,376.04
Mar,2000,3,5.5,0.33,0,0,0,0.33,0,0,339.57
Abr,2000,28,14.9,28.77,4.9,0,75.5,29.72,17.2,18,489.84
May,2000,18.6,15.6,13.47,17.7,8.7,8.5,13.36,23,2.5,253.98
Jun,2000,55.7,34.3,39.83,27.3,23.6,59,40.4,38.02,25.6,228.06
Jul,2000,16,7,2.42,0,0,3,2.47,0,0,171.14
Ago,2000,35.9,27.6,43.73,47.6,0,82,43.97,20.1,29.6,166.33
Sep,2000,4.2,25.8,7.93,5.1,11.1,8.5,8,10.7,9.2,524.44
Oct,2000,42.5,41.5,139.45,35,3.1,331.5,143.85,215.9,26,258.08
Nov,2000,2.8,15.4,13.11,0,33,22,13.49,17.9,17.4,282.2
Ene,2001,0,6.5,5.75,10.6,14,5,5.63,4.8,5.5,225.2
Feb,2001,0,0,0.38,0,0,0.5,0.39,1.2,0,184.56
Mar,2001,3,4,10.57,8.5,22.5,3.5,10.57,18.9,15,163.06
Abr,2001,40,4.5,29.13,20.5,11,31.5,29.33,29.4,29.6,149.25
May,2001,39,76.5,40,62.9,137,34.5,39.45,36.2,27.5,146.96
Jun,2001,99,79,105.2,135.5,68,79.5,104.35,122.7,87,143.07
Jul,2001,28,28.5,15.53,27.2,42,4,15.14,8.8,16,196.99
Oct,2001,22,14.5,25.91,27.6,39.5,21.5,25.84,31,25.5,558.99
Nov,2001,0,0,2.68,0,1,4,2.76,4,4,418.4
Dic,2001,0,0,6.4,29.2,0,0,5.83,0,0,401.23
Ene,2002,11,11,8.12,6.3,6,9,8.16,6.7,9,383.75
Feb,2002,17,15,11.22,16.6,8,10.5,11.08,5.5,9.5,272.83
Mar,2002,4,0,13.97,38,0,6.5,13.34,0,16.5,264.37
Abr,2002,2,5.5,0.44,0,3,0,0.45,1,0,177.59
May,2002,65,52.6,41.83,18.2,31,50,42.38,33,54,191.84
Ago,2002,94,68.5,52.42,70.1,77,22,51.77,63.1,34.5,344.32
Sep,2002,148,126.5,123.4,143.1,100.5,131,122.94,84,123.5,143.24
Oct,2002,34,109.5,23.77,13.6,40.5,38,24.18,39,0,252.88
Nov,2002,29,30.5,23.19,11.4,34,11.5,23.33,28.5,37.9,181.72
Dic,2002,0,0,0,0,0,0,0,0,0,181.94
Ene,2003,8,20.5,6.64,9.5,7.5,9.5,6.6,3,4,161.88
Feb,2003,0,0,1.22,0,0,0,1.24,5.5,0,148.32
Mar,2003,3,14,10.72,25.4,8.5,10,10.38,1.5,10,208.06
May,2003,42,50.5,41.42,86.1,36.5,15.5,40.23,46.5,18.4,355.96
Jun,2003,49,68.2,84.14,168,122,64,82.06,49.7,73.5,675.48
Jul,2003,183.3,218.5,105.09,89.3,105.5,92.5,105.19,69.5,129.3,292.33
Ago,2003,58,90.5,58.78,61.3,211.5,55,58.66,49.4,69.5,220.61
Sep,2003,151,146.5,95.17,109,171,76,94.61,71,97,213.27
Oct,2003,81,138,109.03,103,125,109,109.11,94.5,142.5,191.71
Nov,2003,0,0,3.47,5,4,1,3.41,1.5,8,210.86
Dic,2003,4,6.3,4.57,3,1,2.5,4.59,7,6,184.37
Ene,2004,20,19.56,14.18,12,44.5,10,14.18,14.7,17,203.64
Feb,2004,0,0,0.11,0,0,0.5,0.12,0,0,189.81
Abr,2004,21,25.5,24.97,58,50.5,9,24.12,28.2,7.5,695.94
May,2004,145,124.5,75.62,83,155.5,61.5,75.29,62,62,400.61
Jun,2004,87,170.4,83.87,124.3,54.5,89,82.98,52,69.5,335.67
Jul,2004,33,153.5,66.76,80,48,73.5,66.53,61.4,69,271.92
Ago,2004,75,71,28.69,21,72,13.5,28.74,41,16.5,211.89
Sep,2004,95,123.2,79.99,142,122.5,60.5,78.42,61.5,50,209.75
Oct,2004,35,55.5,32.12,39,64,27.5,31.92,27.6,33,489.4
Nov,2004,4,15.5,11.91,36,4.5,5.5,11.31,5.5,5,380.28
Feb,2005,59,47,53.43,56,60.5,56.5,53.38,46,52.5,498.39
Mar,2005,22,31.2,28.17,30,52.5,29,28.11,19,37.5,298.19
Abr,2005,0,5.5,1.1,2.7,14,0,1.06,2.3,0,226.43
May,2005,62,38.5,29.76,13,125.7,32,30.15,34,24,190.97
Jun,2005,38,58.5,34.58,89,52,20,33.2,7.6,21,182.32
Jul,2005,144,255,173.57,237,234,206,172.49,149.3,119,156.18
Ago,2005,43,67.5,48.66,81,35,46.5,47.97,53.2,18,177.29
Sep,2005,115,150,94.02,183,225,55,91.64,60.3,69,415.59
Oct,2005,89.6,91,80.96,82.81,81.5,89.5,81.31,64.5,84.5,252.51
Nov,2005,0,0,0.88,4,0,0,0.8,0,0,214.61
Dic,2005,0,0,25.11,9,7.5,7,25.18,1.5,93.2,265.23
Ene,2006,7,8.5,5.21,8,3.5,4.5,5.14,3.5,4,217.89
Feb,2006,0,0,0,0,0,0,0,0,0,174.6
Mar,2006,11,34.5,16.7,35,38.5,15.5,16.28,9,10.5,165.7
Abr,2006,10,17.5,17.28,32,40,14,16.92,14,13,139.07
May,2006,153,167.5,79.75,89,65.5,62,79.32,58.9,73,155.13
Jun,2006,23,44,47.54,97,22.5,29,46.27,38.6,38.5,167.99
Jul,2006,18,131,38.06,99,30.5,17.5,36.5,18.6,28,212.32
Ago,2006,36,165.5,35.08,72,102,14.5,34.06,23.9,30,213.85
Sep,2006,62,110.5,47.99,95,91.5,28,46.75,32.5,30.5,301.19
Oct,2006,31,78,73.94,89,81.5,64.5,73.52,74.3,89,342.5
Nov,2006,28,46,45.57,53,41,41.5,45.36,41.3,55,267.22
Dic,2006,14,31.5,24.28,20,21,15.5,24.26,19,47,223.06
Ene,2007,0,6.95,7.76,14,7,6,7.61,8.5,6.5,172.44
Feb,2007,52,69,50.73,49,0,52,50.8,58.5,43,164.64
Mar,2007,63,4.5,12.65,4,4,7.5,12.77,9.2,5,137.9
Abr,2007,28,58,46.09,42,13,36,46.09,51.8,63,93.58
Jun,2007,100.54,77,103.82,151,111.5,102,102.74,81.5,83.5,169.38
Jul,2007,131,171,84.73,116,81.2,63,83.8,68.7,69,337.91
Oct,2007,4,15.5,10,20,65,9,9.76,4.6,9.5,475.52
Nov,2007,18,44,19.11,23.18,22,21,19.8,17.9,19,357.31
Dic,2007,0,0,28.93,132,0,0,26.37,0,0,305.23
Ene,2008,0,0,0,0,0,0,0,0,0,236.57
Feb,2008,20,0,9.36,0,10,13,9.59,7,12,178.7
Mar,2008,0,0,2.21,7,2,1,2.09,0,2,163.33
Abr,2008,36,0,25.01,41,62,16,24.57,22.5,15.5,148.07
May,2008,103.01,148,96.71,105,75,95,96.43,69.8,113.5,224.89
Jun,2008,79,167,126.78,169,110,113.5,125.76,129,120,556.8
Sep,2008,114,145.5,148.9,204,185.5,154,147.71,123,133,485.25
Nov,2008,0,0,2.29,3.7,0,3.5,2.27,0.1,3,555.92
Dic,2008,0,0,0,0,0,0,0,0,0,440.66
Ene,2009,0,0,4.8,10,7,1,4.64,1.5,9,343.3
Feb,2009,6,0,2.42,7,0,0,2.29,1,0,267.62
Mar,2009,0,16,1.97,8,1,0,1.82,1,0,239.73
Abr,2009,0,105,2.62,0,11,5,2.7,1.7,5,208.64
May,2009,116,39,121,169,145,136.5,120,73.7,108.2,244.82
Jun,2009,64,0,30.64,19,33,37,30.88,5.5,44,330.07
Jul,2009,6.2,0,1.13,0,0,0.5,1.14,1.5,0,290.64
Ago,2009,16,60,24.29,0,11,34,24.9,23.5,43,194.31
Sep,2009,261,209,104.46,180,74,58.5,102.26,52.9,51,598.9
Oct,2009,4,100,13.23,39,110,3.5,12.58,9.5,6,324.17
Nov,2009,0,108,0,0,0,0,0,0,0,242.15
Dic,2009,18,80,38.1,61,32,0,37.18,25.5,75,215.52
Ene,2010,29.2,19.29,17.79,16,19.14,18,17.83,13.7,18.42,194.61
Feb,2010,54,50.65,50.24,65,50.48,42.5,49.72,41.5,50.03,161.56
Mar,2010,0,0.12,0.14,0,0.12,0.5,0.15,0,0.14,161.68
Abr,2010,25,46.45,50.18,114,46.3,28,48.11,21.7,47.17,177.73
May,2010,58,67.6,69.67,139,67.2,49,67.42,27.5,67.18,191.69
Jun,2010,82,57.59,54.14,87,56.94,35.3,52.94,26.6,54.66,194.41
Jul,2010,283,349.79,360.98,629,348.99,193.1,351.58,302.2,349.92,694.17
Ago,2010,9,45.24,50.94,96,45.51,29.5,49.47,48.6,47.61,537.67
Sep,2010,62,86.03,90.02,140,86.03,72.5,88.42,72,87.25,498.94
Ene,2011,2.5,8,1.89,3.23,3.5,2.5,2.17,3.07,1,316.54
Feb,2011,0,0,0,0,0,0,0,0,0,239.71
Mar,2011,0,6,0,0,1.04,0,0,0,0,214.9
Abr,2011,12,17,4.18,10,6.97,3,4.03,0,0,175.07
May,2011,2,9,5.27,19,5.61,1,4.93,3,0,168.48
Jun,2011,269,282.5,135.93,70,227,174,137.75,143.3,91,232.89
Ago,2011,8,72,33.51,116.2,34.53,8.5,31.44,11.5,12,465.27
Sep,2011,6,46.5,17.29,22,4.5,20.5,17.23,21.5,11,361.39
Oct,2011,37,18,20.67,46,29.5,4.5,19.94,9.5,15,314.64
Nov,2011,12.46,24.5,8.48,12,10,11.5,8.39,0,10.51,247.3
Dic,2011,0,3.5,3.42,9,4,1.5,3.24,1.5,3.28,209.63
Ene,2012,1.5,19.3,11.91,23,14,11,11.66,9,10,169.73
Feb,2012,74.27,92.5,73.13,73.72,55,76,73.28,69.7,73.45,151.29
Mar,2012,9,48.5,16.75,14,5,18,16.86,28.5,10.5,157.66
Abr,2012,30,29.5,22.57,49,70.5,14,21.89,10.1,14,213.06
May,2012,51.99,65,41.51,72.5,75,40.5,40.81,28.3,20.5,421.89
Ago,2012,80,143.5,76.96,174,55.5,37,74.42,51.2,46,393.17
Sep,2012,35,82,61,137,12,43.5,58.61,16.2,55.46,348.89
Oct,2012,19.11,17,17.32,29,26,19,16.98,3.2,18.02,391.11
Nov,2012,15,24.5,19.41,28,12,15,19.12,17.5,18.85,229.2
Dic,2012,3.19,3.5,3.06,3,3,3.15,3.09,3.14,3.14,228.94
